BOROUGH,DATE,LATITUDE,LONGITUDE,NUMBER OF CYCLIST KILLED,NUMBER OF MOTORIST KILLED,NUMBER OF PEDESTRIANS KILLED,TIME,TYPE
MANHATTAN,2013-01-04,40.7401843,-73.986363,0.0,0.0,1.0,12:26,Pedestrians Killed
BRONX,2013-01-04,40.8906476,-73.84874190000001,0.0,0.0,1.0,21:34,Pedestrians Killed
BRONX,2013-01-05,40.843829299999996,-73.88791850000001,0.0,0.0,1.0,13:02,Pedestrians Killed
QUEENS,2013-01-07,40.7460428,-73.8260812,0.0,0.0,1.0,6:59,Pedestrians Killed
QUEENS,2013-01-11,40.7413881,-73.7248837,0.0,0.0,1.0,18:38,Pedestrians Killed
QUEENS,2013-01-12,40.71337929999999,-73.8596555,0.0,0.0,1.0,6:45,Pedestrians Killed
,2013-01-16,40.635625700000006,-74.01706290000001,0.0,0.0,1.0,21:51,Pedestrians Killed
QUEENS,2013-01-17,40.6998829,-73.9082989,0.0,0.0,1.0,18:50,Pedestrians Killed
MANHATTAN,2013-01-18,40.7502418,-73.99859599999999,0.0,0.0,1.0,14:32,Pedestrians Killed
MANHATTAN,2013-01-20,40.7407326,-73.9817618,0.0,0.0,1.0,2:00,Pedestrians Killed
BROOKLYN,2013-01-22,40.612109100000005,-73.9667815,0.0,0.0,1.0,14:49,Pedestrians Killed
QUEENS,2013-01-23,40.7491907,-73.70785959999999,0.0,0.0,1.0,18:08,Pedestrians Killed
BROOKLYN,2013-01-25,40.644245,-73.89102120000001,0.0,0.0,1.0,7:13,Pedestrians Killed
BROOKLYN,2013-01-26,40.6162611,-73.99308070000001,0.0,0.0,1.0,15:20,Pedestrians Killed
QUEENS,2013-01-29,40.764651,-73.823484,0.0,0.0,1.0,13:10,Pedestrians Killed
BRONX,2013-01-29,40.862444200000006,-73.8971422,0.0,0.0,1.0,14:00,Pedestrians Killed
MANHATTAN,2013-01-29,40.764917499999996,-73.955157,0.0,0.0,1.0,19:50,Pedestrians Killed
BROOKLYN,2013-01-29,40.6541334,-73.9123297,0.0,0.0,1.0,20:13,Pedestrians Killed
BROOKLYN,2013-01-30,40.6542235,-73.9153065,0.0,0.0,1.0,18:30,Pedestrians Killed
MANHATTAN,2013-01-30,40.8156907,-73.95829470000001,0.0,0.0,1.0,1:00,Pedestrians Killed
QUEENS,2013-01-31,40.699531,-73.91103670000001,0.0,0.0,1.0,22:52,Pedestrians Killed
STATEN ISLAND,2013-02-01,40.5783776,-74.0940362,0.0,0.0,1.0,19:32,Pedestrians Killed
MANHATTAN,2013-02-05,40.757828100000005,-73.9930696,0.0,0.0,1.0,10:11,Pedestrians Killed
QUEENS,2013-02-07,40.763980200000006,-73.9105065,0.0,0.0,1.0,11:15,Pedestrians Killed
QUEENS,2013-02-13,40.6936625,-73.85216390000001,0.0,0.0,1.0,20:58,Pedestrians Killed
QUEENS,2013-02-15,40.668608500000005,-73.781667,0.0,0.0,1.0,0:28,Pedestrians Killed
BRONX,2013-02-15,40.8660702,-73.8943816,0.0,0.0,1.0,18:53,Pedestrians Killed
QUEENS,2013-02-21,40.75687620000001,-73.94435190000002,0.0,0.0,1.0,0:45,Pedestrians Killed
BROOKLYN,2013-02-22,40.6902385,-73.9943603,0.0,0.0,1.0,17:40,Pedestrians Killed
,2013-02-23,40.76241160000001,-73.9544246,0.0,0.0,1.0,1:00,Pedestrians Killed
MANHATTAN,2013-02-24,40.7413501,-73.98131059999999,0.0,0.0,1.0,1:48,Pedestrians Killed
MANHATTAN,2013-02-28,40.7966809,-73.9349137,0.0,0.0,1.0,7:54,Pedestrians Killed
BRONX,2013-03-02,40.858680299999996,-73.8992122,0.0,0.0,1.0,5:28,Pedestrians Killed
BROOKLYN,2013-03-04,40.7039152,-73.9481686,0.0,0.0,1.0,12:30,Pedestrians Killed
QUEENS,2013-03-07,40.7424052,-73.7534717,0.0,0.0,1.0,19:32,Pedestrians Killed
MANHATTAN,2013-03-09,40.7503074,-74.00836609999999,0.0,0.0,1.0,2:55,Pedestrians Killed
QUEENS,2013-03-11,40.74517720000001,-73.9372593,0.0,0.0,1.0,10:57,Pedestrians Killed
BRONX,2013-03-11,40.8175206,-73.8620769,0.0,0.0,1.0,19:50,Pedestrians Killed
BROOKLYN,2013-03-23,40.58626029999999,-73.9489224,0.0,0.0,1.0,17:19,Pedestrians Killed
,2013-03-26,40.665398700000004,-73.82951130000001,0.0,0.0,1.0,11:54,Pedestrians Killed
,2013-03-26,40.7353396,-73.916885,0.0,0.0,1.0,23:16,Pedestrians Killed
BROOKLYN,2013-04-01,40.622798700000004,-74.02834990000001,0.0,0.0,1.0,6:17,Pedestrians Killed
BROOKLYN,2013-04-03,40.6848568,-73.9780417,0.0,0.0,1.0,12:47,Pedestrians Killed
QUEENS,2013-04-03,40.744941499999996,-73.8873378,0.0,0.0,1.0,19:35,Pedestrians Killed
QUEENS,2013-04-15,40.7092547,-73.7500306,0.0,0.0,1.0,23:52,Pedestrians Killed
MANHATTAN,2013-04-16,40.7742786,-73.959393,0.0,0.0,1.0,6:26,Pedestrians Killed
BROOKLYN,2013-04-17,40.641946999999995,-73.9166193,0.0,0.0,1.0,15:51,Pedestrians Killed
QUEENS,2013-04-23,40.758973,-73.845074,0.0,0.0,1.0,11:51,Pedestrians Killed
,2013-04-24,40.812804,-73.9344344,0.0,0.0,1.0,22:56,Pedestrians Killed
MANHATTAN,2013-04-30,40.8032165,-73.95253050000001,0.0,0.0,1.0,17:27,Pedestrians Killed
QUEENS,2013-05-01,40.710351700000004,-73.79389509999999,0.0,0.0,1.0,20:30,Pedestrians Killed
QUEENS,2013-05-12,40.7484162,-73.87647940000001,0.0,0.0,1.0,13:40,Pedestrians Killed
BRONX,2013-05-15,40.8284182,-73.860674,0.0,0.0,1.0,19:20,Pedestrians Killed
QUEENS,2013-05-16,40.686684899999996,-73.85399659999999,0.0,0.0,1.0,19:23,Pedestrians Killed
BRONX,2013-05-17,40.8409303,-73.91269799999999,0.0,0.0,1.0,15:31,Pedestrians Killed
,2013-05-26,40.595533200000006,-73.9988553,0.0,0.0,1.0,0:01,Pedestrians Killed
BRONX,2013-05-26,40.8468635,-73.9014132,0.0,0.0,1.0,5:06,Pedestrians Killed
MANHATTAN,2013-06-03,40.7563818,-73.96432370000001,0.0,0.0,1.0,18:15,Pedestrians Killed
MANHATTAN,2013-06-04,40.7947356,-73.96987220000001,0.0,0.0,1.0,8:15,Pedestrians Killed
BROOKLYN,2013-06-10,40.670658,-73.9579745,0.0,0.0,1.0,23:47,Pedestrians Killed
BROOKLYN,2013-06-13,40.665917799999995,-73.92546390000001,0.0,0.0,1.0,0:52,Pedestrians Killed
BRONX,2013-06-13,40.859308500000004,-73.8988389,0.0,0.0,1.0,23:11,Pedestrians Killed
BRONX,2013-06-16,40.8962424,-73.8724104,0.0,0.0,1.0,3:33,Pedestrians Killed
BRONX,2013-06-24,40.8968966,-73.8441665,0.0,0.0,1.0,16:27,Pedestrians Killed
MANHATTAN,2013-06-26,40.7369617,-73.98450890000001,0.0,0.0,1.0,10:36,Pedestrians Killed
MANHATTAN,2013-07-02,40.7723521,-73.9466568,0.0,0.0,1.0,16:22,Pedestrians Killed
BROOKLYN,2013-07-05,40.6797343,-73.9743118,0.0,0.0,1.0,0:26,Pedestrians Killed
BRONX,2013-07-10,40.8595831,-73.8665266,0.0,0.0,1.0,21:20,Pedestrians Killed
BROOKLYN,2013-07-13,40.6093299,-73.9861304,0.0,0.0,1.0,21:14,Pedestrians Killed
QUEENS,2013-07-18,40.6715676,-73.784653,0.0,0.0,1.0,18:14,Pedestrians Killed
BROOKLYN,2013-07-22,40.654840500000006,-73.9596963,0.0,0.0,1.0,12:00,Pedestrians Killed
QUEENS,2013-07-27,40.7056666,-73.8184645,0.0,0.0,1.0,5:05,Pedestrians Killed
BROOKLYN,2013-07-27,40.595921000000004,-73.9410184,0.0,0.0,1.0,22:10,Pedestrians Killed
MANHATTAN,2013-07-28,40.7471531,-73.9854954,0.0,0.0,1.0,5:10,Pedestrians Killed
QUEENS,2013-07-30,40.7330977,-73.80497790000001,0.0,0.0,1.0,12:39,Pedestrians Killed
MANHATTAN,2013-07-31,40.76217929999999,-73.9661291,0.0,0.0,1.0,22:18,Pedestrians Killed
MANHATTAN,2013-07-31,40.862216100000005,-73.9296942,0.0,0.0,1.0,20:02,Pedestrians Killed
QUEENS,2013-08-01,40.6643263,-73.7466882,0.0,0.0,1.0,5:10,Pedestrians Killed
STATEN ISLAND,2013-08-09,40.595951,-74.0958614,0.0,0.0,1.0,20:26,Pedestrians Killed
QUEENS,2013-08-11,40.7433745,-73.9205559,0.0,0.0,1.0,3:44,Pedestrians Killed
QUEENS,2013-08-11,40.636787899999995,-73.740563,0.0,0.0,1.0,23:37,Pedestrians Killed
QUEENS,2013-08-12,40.7550297,-73.8726917,0.0,0.0,1.0,1:51,Pedestrians Killed
MANHATTAN,2013-08-17,40.762288,-73.9723632,0.0,0.0,1.0,2:16,Pedestrians Killed
MANHATTAN,2013-08-23,40.721472999999996,-73.9838235,0.0,0.0,1.0,16:55,Pedestrians Killed
BROOKLYN,2013-08-26,40.7052279,-73.9498375,0.0,0.0,1.0,16:12,Pedestrians Killed
BRONX,2013-08-27,40.8198786,-73.85776899999999,0.0,0.0,1.0,20:24,Pedestrians Killed
BROOKLYN,2013-08-29,40.644042,-73.87751949999999,0.0,0.0,1.0,6:42,Pedestrians Killed
BRONX,2013-08-31,40.8113299,-73.9007723,0.0,0.0,1.0,3:01,Pedestrians Killed
BRONX,2013-09-08,40.845177500000005,-73.9141598,0.0,0.0,1.0,2:18,Pedestrians Killed
,2013-09-12,40.812804,-73.9344344,0.0,0.0,1.0,5:14,Pedestrians Killed
QUEENS,2013-09-13,40.690697899999996,-73.82828459999999,0.0,0.0,1.0,19:03,Pedestrians Killed
QUEENS,2013-09-15,40.7416789,-73.8675568,0.0,0.0,1.0,14:58,Pedestrians Killed
BROOKLYN,2013-09-17,40.6203042,-74.0074276,0.0,0.0,1.0,11:39,Pedestrians Killed
QUEENS,2013-09-21,40.721453499999996,-73.84397790000001,0.0,0.0,1.0,22:18,Pedestrians Killed
BRONX,2013-09-22,40.83751470000001,-73.91477320000001,0.0,0.0,1.0,1:32,Pedestrians Killed
BROOKLYN,2013-09-26,40.642305900000004,-74.0132314,0.0,0.0,1.0,15:23,Pedestrians Killed
QUEENS,2013-09-26,40.74266,-73.93208309999999,0.0,0.0,1.0,11:38,Pedestrians Killed
QUEENS,2013-09-27,40.7027402,-73.7984161,0.0,0.0,1.0,11:37,Pedestrians Killed
QUEENS,2013-09-28,40.7518401,-73.9035714,0.0,0.0,1.0,23:05,Pedestrians Killed
BRONX,2013-10-02,40.82357929999999,-73.91416600000001,0.0,0.0,1.0,7:16,Pedestrians Killed
QUEENS,2013-10-04,40.7502348,-73.7728818,0.0,0.0,1.0,19:55,Pedestrians Killed
QUEENS,2013-10-06,40.75248870000001,-73.8268873,0.0,0.0,1.0,17:38,Pedestrians Killed
BRONX,2013-10-10,40.8467812,-73.8837895,0.0,0.0,1.0,10:29,Pedestrians Killed
QUEENS,2013-10-11,40.7568039,-73.8736557,0.0,0.0,1.0,21:45,Pedestrians Killed
BROOKLYN,2013-10-11,40.6353138,-73.90049350000001,0.0,0.0,1.0,20:29,Pedestrians Killed
MANHATTAN,2013-10-18,40.8455203,-73.9346852,0.0,0.0,1.0,4:42,Pedestrians Killed
BROOKLYN,2013-10-21,40.6376871,-73.9965194,0.0,0.0,1.0,0:08,Pedestrians Killed
BRONX,2013-10-21,40.8352696,-73.8322408,0.0,0.0,1.0,8:02,Pedestrians Killed
BROOKLYN,2013-10-28,40.6731495,-73.89619040000001,0.0,0.0,1.0,19:18,Pedestrians Killed
QUEENS,2013-10-28,40.7084277,-73.7805483,0.0,0.0,1.0,19:27,Pedestrians Killed
BRONX,2013-11-02,40.8934115,-73.85736209999999,0.0,0.0,1.0,0:05,Pedestrians Killed
BROOKLYN,2013-11-02,40.6895074,-73.97013249999999,0.0,0.0,1.0,12:48,Pedestrians Killed
BRONX,2013-11-05,40.8080059,-73.9143306,0.0,0.0,1.0,11:05,Pedestrians Killed
QUEENS,2013-11-06,40.728283700000006,-73.8294,0.0,0.0,1.0,17:55,Pedestrians Killed
BRONX,2013-11-08,40.8166622,-73.8879967,0.0,0.0,1.0,10:25,Pedestrians Killed
MANHATTAN,2013-11-11,40.79037,-73.9497662,0.0,0.0,1.0,12:50,Pedestrians Killed
QUEENS,2013-11-11,40.7369781,-73.87840229999999,0.0,0.0,2.0,7:26,Pedestrians Killed
QUEENS,2013-11-12,40.785600200000005,-73.83935699999999,0.0,0.0,1.0,6:16,Pedestrians Killed
BRONX,2013-11-15,40.8929052,-73.843655,0.0,0.0,1.0,20:14,Pedestrians Killed
MANHATTAN,2013-11-22,40.7203761,-74.00326120000001,0.0,0.0,1.0,15:00,Pedestrians Killed
BRONX,2013-11-22,40.8603346,-73.8982914,0.0,0.0,1.0,15:55,Pedestrians Killed
BROOKLYN,2013-11-22,40.628730700000006,-73.9433311,0.0,0.0,1.0,22:29,Pedestrians Killed
MANHATTAN,2013-11-24,40.8131597,-73.9503486,0.0,0.0,1.0,10:00,Pedestrians Killed
,2013-11-24,40.812222799999994,-73.8992439,0.0,0.0,1.0,6:36,Pedestrians Killed
BROOKLYN,2013-11-25,40.67285820000001,-73.871302,0.0,0.0,1.0,10:17,Pedestrians Killed
MANHATTAN,2013-11-26,40.779811200000005,-73.95033740000001,0.0,0.0,1.0,17:20,Pedestrians Killed
QUEENS,2013-11-26,40.659650899999995,-73.7738282,0.0,0.0,1.0,6:19,Pedestrians Killed
MANHATTAN,2013-11-27,40.7297989,-73.9748013,0.0,0.0,1.0,17:13,Pedestrians Killed
MANHATTAN,2013-11-30,40.75478270000001,-73.97993520000001,0.0,0.0,1.0,14:31,Pedestrians Killed
QUEENS,2013-12-07,40.6936625,-73.85216390000001,0.0,0.0,1.0,3:15,Pedestrians Killed
QUEENS,2013-12-12,40.74837,-73.87692340000001,0.0,0.0,1.0,11:25,Pedestrians Killed
MANHATTAN,2013-12-20,40.831567799999995,-73.9429813,0.0,0.0,1.0,17:51,Pedestrians Killed
QUEENS,2013-12-20,40.753902200000006,-73.9012151,0.0,0.0,1.0,7:57,Pedestrians Killed
MANHATTAN,2013-12-21,40.7576386,-73.9634098,0.0,0.0,1.0,17:16,Pedestrians Killed
QUEENS,2013-12-21,40.7418634,-73.9075049,0.0,0.0,1.0,16:30,Pedestrians Killed
BROOKLYN,2013-12-23,40.6417152,-73.9361062,0.0,0.0,1.0,19:47,Pedestrians Killed
STATEN ISLAND,2013-12-27,40.5647067,-74.12720829999999,0.0,0.0,1.0,17:40,Pedestrians Killed
,2013-12-28,40.5846437,-73.96015340000001,0.0,0.0,1.0,4:46,Pedestrians Killed
BROOKLYN,2013-12-29,40.7246381,-73.94817059999998,0.0,0.0,1.0,17:29,Pedestrians Killed
BROOKLYN,2013-12-30,40.640584499999996,-73.9189307,0.0,0.0,1.0,7:46,Pedestrians Killed
BRONX,2014-01-02,40.8533472,-73.88166700000001,0.0,0.0,1.0,17:30,Pedestrians Killed
BROOKLYN,2014-01-02,40.6339615,-74.0147538,0.0,0.0,1.0,6:49,Pedestrians Killed
QUEENS,2014-01-05,40.7123691,-73.7939033,0.0,0.0,1.0,21:09,Pedestrians Killed
BROOKLYN,2014-01-06,40.6816856,-73.87156259999999,0.0,0.0,1.0,18:01,Pedestrians Killed
MANHATTAN,2014-01-10,40.795927500000005,-73.9727176,0.0,0.0,1.0,20:48,Pedestrians Killed
MANHATTAN,2014-01-10,40.794651,-73.9717827,0.0,0.0,1.0,20:13,Pedestrians Killed
BROOKLYN,2014-01-11,40.7030534,-73.94249609999999,0.0,0.0,1.0,16:50,Pedestrians Killed
BRONX,2014-01-11,40.8396755,-73.871207,0.0,0.0,1.0,17:33,Pedestrians Killed
,2014-01-18,40.74091,-73.7266443,0.0,0.0,1.0,6:51,Pedestrians Killed
MANHATTAN,2014-01-19,40.794651,-73.9717827,0.0,0.0,1.0,4:44,Pedestrians Killed
BRONX,2014-01-25,40.8642161,-73.8957945,0.0,0.0,1.0,20:30,Pedestrians Killed
STATEN ISLAND,2014-01-26,40.596849799999994,-74.062054,0.0,0.0,1.0,18:30,Pedestrians Killed
BROOKLYN,2014-02-03,40.578274,-73.9582594,0.0,0.0,1.0,11:54,Pedestrians Killed
QUEENS,2014-02-03,40.7468122,-73.891752,0.0,0.0,1.0,17:55,Pedestrians Killed
BROOKLYN,2014-02-07,40.6757902,-73.9026791,0.0,0.0,1.0,15:20,Pedestrians Killed
BROOKLYN,2014-02-11,40.7116424,-73.94390990000001,0.0,0.0,1.0,14:30,Pedestrians Killed
BROOKLYN,2014-02-13,40.6337945,-74.01132740000001,0.0,0.0,1.0,10:42,Pedestrians Killed
,2014-02-23,40.6977532,-73.81391590000001,0.0,0.0,1.0,2:10,Pedestrians Killed
BROOKLYN,2014-02-23,40.6667263,-73.9424445,0.0,0.0,1.0,9:09,Pedestrians Killed
QUEENS,2014-03-06,40.6985896,-73.8948489,0.0,0.0,1.0,22:46,Pedestrians Killed
QUEENS,2014-03-07,40.7509782,-73.9347418,0.0,0.0,1.0,22:15,Pedestrians Killed
MANHATTAN,2014-03-15,40.7416425,-73.9974342,0.0,0.0,1.0,17:45,Pedestrians Killed
BROOKLYN,2014-03-16,40.663905799999995,-73.9509752,0.0,0.0,1.0,20:33,Pedestrians Killed
BROOKLYN,2014-03-18,40.599250299999994,-73.9526071,0.0,0.0,1.0,14:20,Pedestrians Killed
BROOKLYN,2014-03-21,40.595029600000004,-73.9547346,0.0,0.0,1.0,7:59,Pedestrians Killed
BRONX,2014-03-24,40.8837907,-73.9116002,0.0,0.0,1.0,15:00,Pedestrians Killed
QUEENS,2014-03-25,40.7677542,-73.8319235,0.0,0.0,1.0,9:17,Pedestrians Killed
,2014-03-28,40.76349129999999,-73.8607772,0.0,0.0,1.0,23:02,Pedestrians Killed
BROOKLYN,2014-04-02,40.651369700000004,-73.9559072,0.0,0.0,1.0,8:17,Pedestrians Killed
BRONX,2014-04-03,40.822989299999996,-73.8678032,0.0,0.0,1.0,15:36,Pedestrians Killed
BROOKLYN,2014-04-04,40.642134000000006,-73.9293532,0.0,0.0,1.0,5:45,Pedestrians Killed
MANHATTAN,2014-04-10,40.775245500000004,-73.94762209999999,0.0,0.0,1.0,23:27,Pedestrians Killed
QUEENS,2014-04-21,40.7646158,-73.93779690000001,0.0,0.0,1.0,17:30,Pedestrians Killed
QUEENS,2014-04-23,40.6859635,-73.85652940000001,0.0,0.0,1.0,15:30,Pedestrians Killed
MANHATTAN,2014-04-30,40.7491025,-73.9920058,0.0,0.0,1.0,14:30,Pedestrians Killed
QUEENS,2014-05-03,40.721453499999996,-73.84397790000001,0.0,0.0,1.0,20:28,Pedestrians Killed
BROOKLYN,2014-05-05,40.6119531,-73.9681646,0.0,0.0,1.0,11:32,Pedestrians Killed
MANHATTAN,2014-05-08,40.7823164,-73.9485012,0.0,0.0,1.0,15:26,Pedestrians Killed
BROOKLYN,2014-05-10,40.672669,-73.9900142,0.0,0.0,1.0,7:30,Pedestrians Killed
MANHATTAN,2014-05-12,40.8036997,-73.9358171,0.0,0.0,1.0,16:35,Pedestrians Killed
QUEENS,2014-05-19,40.7456688,-73.7924903,0.0,0.0,1.0,5:39,Pedestrians Killed
QUEENS,2014-05-21,40.7317311,-73.85112690000001,0.0,0.0,1.0,9:05,Pedestrians Killed
BROOKLYN,2014-05-31,40.6152042,-73.9633618,0.0,0.0,1.0,13:20,Pedestrians Killed
BROOKLYN,2014-06-02,40.6741459,-74.006006,0.0,0.0,1.0,6:49,Pedestrians Killed
QUEENS,2014-06-07,40.6670811,-73.810322,0.0,0.0,1.0,9:56,Pedestrians Killed
STATEN ISLAND,2014-06-09,40.5438696,-74.1444428,0.0,0.0,1.0,13:43,Pedestrians Killed
BROOKLYN,2014-06-13,40.7007255,-73.9419319,0.0,0.0,1.0,11:55,Pedestrians Killed
BROOKLYN,2014-06-25,40.5842341,-73.9320426,0.0,0.0,1.0,21:45,Pedestrians Killed
BROOKLYN,2014-06-28,40.5921838,-73.92440479999999,0.0,0.0,1.0,2:45,Pedestrians Killed
BROOKLYN,2014-07-02,40.6244417,-73.9303914,0.0,0.0,1.0,16:42,Pedestrians Killed
MANHATTAN,2014-07-02,40.74044310000001,-74.0020208,0.0,0.0,1.0,9:59,Pedestrians Killed
BROOKLYN,2014-07-03,40.6892276,-73.9846967,0.0,0.0,1.0,11:30,Pedestrians Killed
QUEENS,2014-07-05,40.7486146,-73.87463120000001,0.0,0.0,1.0,4:38,Pedestrians Killed
MANHATTAN,2014-07-10,40.794580100000005,-73.9737005,0.0,0.0,1.0,11:08,Pedestrians Killed
BROOKLYN,2014-07-13,40.5957763,-73.98822170000001,0.0,0.0,1.0,13:00,Pedestrians Killed
BROOKLYN,2014-07-14,40.6198737,-73.9652647,0.0,0.0,1.0,20:20,Pedestrians Killed
STATEN ISLAND,2014-07-18,40.6292495,-74.1232208,0.0,0.0,1.0,7:22,Pedestrians Killed
BROOKLYN,2014-07-20,40.703764299999996,-73.9426145,0.0,0.0,1.0,13:54,Pedestrians Killed
BROOKLYN,2014-07-25,40.605957200000006,-74.00638520000001,0.0,0.0,1.0,12:19,Pedestrians Killed
QUEENS,2014-07-27,40.7168018,-73.80809909999999,0.0,0.0,1.0,20:48,Pedestrians Killed
QUEENS,2014-07-29,40.7829958,-73.7993323,0.0,0.0,1.0,20:54,Pedestrians Killed
STATEN ISLAND,2014-07-31,40.601204200000005,-74.06507579999999,0.0,0.0,1.0,21:05,Pedestrians Killed
BROOKLYN,2014-08-01,40.7157016,-73.9557817,0.0,0.0,1.0,8:45,Pedestrians Killed
QUEENS,2014-08-01,40.734333500000005,-73.8579913,0.0,0.0,1.0,8:42,Pedestrians Killed
,2014-08-05,40.666413399999996,-73.7881226,0.0,0.0,1.0,23:05,Pedestrians Killed
BRONX,2014-08-06,40.8468472,-73.83249709999998,0.0,0.0,1.0,7:19,Pedestrians Killed
QUEENS,2014-08-18,40.7146219,-73.9011579,0.0,0.0,1.0,2:51,Pedestrians Killed
MANHATTAN,2014-08-28,40.710093900000004,-73.9897886,0.0,0.0,1.0,6:48,Pedestrians Killed
BROOKLYN,2014-08-28,40.609252399999995,-73.9690411,0.0,0.0,1.0,20:21,Pedestrians Killed
MANHATTAN,2014-08-29,40.7763189,-73.962125,0.0,0.0,1.0,14:03,Pedestrians Killed
QUEENS,2014-08-30,40.6984191,-73.8010546,0.0,0.0,1.0,4:52,Pedestrians Killed
MANHATTAN,2014-09-04,40.7401843,-73.986363,0.0,0.0,1.0,5:30,Pedestrians Killed
MANHATTAN,2014-09-04,40.788532399999994,-73.9532091,0.0,0.0,1.0,9:58,Pedestrians Killed
BRONX,2014-09-07,40.8284182,-73.860674,0.0,0.0,1.0,17:10,Pedestrians Killed
BROOKLYN,2014-09-07,40.6857804,-73.9543917,0.0,0.0,1.0,10:27,Pedestrians Killed
MANHATTAN,2014-09-07,40.7914379,-73.9759878,0.0,0.0,1.0,19:55,Pedestrians Killed
QUEENS,2014-09-10,40.765320200000005,-73.8890397,0.0,0.0,1.0,22:30,Pedestrians Killed
,2014-09-12,40.8532485,-73.8352807,0.0,0.0,1.0,6:01,Pedestrians Killed
BROOKLYN,2014-09-17,40.681382899999996,-73.953515,0.0,0.0,1.0,13:33,Pedestrians Killed
MANHATTAN,2014-09-18,40.797003600000004,-73.93777390000001,0.0,0.0,1.0,8:30,Pedestrians Killed
BROOKLYN,2014-09-25,40.6451307,-73.94896379999999,0.0,0.0,1.0,16:00,Pedestrians Killed
MANHATTAN,2014-09-25,40.720625899999995,-73.99497109999999,0.0,0.0,1.0,13:35,Pedestrians Killed
MANHATTAN,2014-09-28,40.7366908,-73.9931187,0.0,0.0,1.0,3:32,Pedestrians Killed
,2014-09-30,40.745152600000004,-73.7343116,0.0,0.0,1.0,17:40,Pedestrians Killed
,2014-10-01,40.742200700000005,-73.8409528,0.0,0.0,1.0,3:14,Pedestrians Killed
BRONX,2014-10-03,40.814766600000006,-73.9187438,0.0,0.0,1.0,1:37,Pedestrians Killed
BROOKLYN,2014-10-06,40.61273370000001,-74.0117129,0.0,0.0,1.0,19:19,Pedestrians Killed
MANHATTAN,2014-10-10,40.7851932,-73.94933309999999,0.0,0.0,1.0,13:36,Pedestrians Killed
MANHATTAN,2014-10-14,40.7165417,-73.9969843,0.0,0.0,1.0,4:07,Pedestrians Killed
QUEENS,2014-10-17,40.6916677,-73.76238590000001,0.0,0.0,1.0,18:57,Pedestrians Killed
BROOKLYN,2014-10-20,40.6840525,-73.9774579,0.0,0.0,1.0,12:26,Pedestrians Killed
BRONX,2014-10-24,40.869274,-73.90134379999999,0.0,0.0,1.0,14:46,Pedestrians Killed
BROOKLYN,2014-10-26,40.6219409,-73.917516,0.0,0.0,1.0,7:04,Pedestrians Killed
BROOKLYN,2014-10-26,40.619132,-73.9901807,0.0,0.0,1.0,6:19,Pedestrians Killed
QUEENS,2014-10-29,40.752013,-73.93015340000001,0.0,0.0,1.0,12:13,Pedestrians Killed
QUEENS,2014-10-30,40.699531,-73.91103670000001,0.0,0.0,1.0,5:07,Pedestrians Killed
MANHATTAN,2014-10-30,40.7180184,-73.9999567,0.0,0.0,1.0,21:28,Pedestrians Killed
BROOKLYN,2014-11-01,40.6611218,-73.9201276,0.0,0.0,1.0,2:26,Pedestrians Killed
QUEENS,2014-11-04,40.738325,-73.8855916,0.0,0.0,1.0,9:30,Pedestrians Killed
QUEENS,2014-11-05,40.763941700000004,-73.8281463,0.0,0.0,1.0,22:53,Pedestrians Killed
QUEENS,2014-11-08,40.73675120000001,-73.7110283,0.0,0.0,1.0,17:15,Pedestrians Killed
MANHATTAN,2014-11-12,40.806354299999995,-73.9539551,0.0,0.0,1.0,16:35,Pedestrians Killed
BRONX,2014-11-13,40.8367707,-73.8859644,0.0,0.0,1.0,21:40,Pedestrians Killed
STATEN ISLAND,2014-11-15,40.5166242,-74.20278499999999,0.0,0.0,1.0,14:38,Pedestrians Killed
BROOKLYN,2014-11-20,40.6475955,-73.97350259999999,0.0,0.0,1.0,17:01,Pedestrians Killed
MANHATTAN,2014-11-24,40.7216331,-73.9935279,0.0,0.0,1.0,18:51,Pedestrians Killed
BROOKLYN,2014-12-02,40.6220219,-73.9872553,0.0,0.0,1.0,20:57,Pedestrians Killed
QUEENS,2014-12-03,40.7604644,-73.8265417,0.0,0.0,1.0,5:32,Pedestrians Killed
MANHATTAN,2014-12-05,40.7756005,-73.95633409999999,0.0,0.0,1.0,18:30,Pedestrians Killed
QUEENS,2014-12-07,40.7205375,-73.7762082,0.0,0.0,1.0,16:53,Pedestrians Killed
BROOKLYN,2014-12-09,40.638785799999994,-73.94537270000001,0.0,0.0,1.0,17:13,Pedestrians Killed
BROOKLYN,2014-12-16,40.609357200000005,-74.0152238,0.0,0.0,1.0,18:45,Pedestrians Killed
BROOKLYN,2014-12-17,40.6700084,-73.95327059999998,0.0,0.0,1.0,6:42,Pedestrians Killed
BROOKLYN,2014-12-23,40.636447100000005,-73.9451224,0.0,0.0,1.0,18:03,Pedestrians Killed
MANHATTAN,2014-12-31,40.804886200000006,-73.9624735,0.0,0.0,1.0,18:10,Pedestrians Killed
MANHATTAN,2015-01-03,40.764106299999995,-73.966814,0.0,0.0,1.0,19:15,Pedestrians Killed
BRONX,2015-01-04,40.884735299999996,-73.84044109999999,0.0,0.0,1.0,17:04,Pedestrians Killed
BROOKLYN,2015-01-05,40.6413948,-73.98907840000001,0.0,0.0,1.0,22:35,Pedestrians Killed
MANHATTAN,2015-01-09,40.7563818,-73.96432370000001,0.0,0.0,1.0,9:09,Pedestrians Killed
QUEENS,2015-01-16,40.7293445,-73.745355,0.0,0.0,1.0,18:00,Pedestrians Killed
QUEENS,2015-01-19,40.7888914,-73.78702170000001,0.0,0.0,1.0,17:34,Pedestrians Killed
MANHATTAN,2015-01-23,40.779540399999995,-73.9597725,0.0,0.0,1.0,10:20,Pedestrians Killed
MANHATTAN,2015-01-23,40.7504525,-73.98729209999999,0.0,0.0,1.0,17:40,Pedestrians Killed
QUEENS,2015-02-03,40.712646899999996,-73.8993537,0.0,0.0,1.0,19:54,Pedestrians Killed
QUEENS,2015-02-04,40.667369799999996,-73.7826551,0.0,0.0,1.0,23:50,Pedestrians Killed
BROOKLYN,2015-02-09,40.6627814,-73.8808552,0.0,0.0,1.0,22:12,Pedestrians Killed
BROOKLYN,2015-02-09,40.6627814,-73.8808552,0.0,0.0,1.0,22:12,Pedestrians Killed
MANHATTAN,2015-02-18,40.7168135,-73.99776340000001,0.0,0.0,1.0,11:08,Pedestrians Killed
BROOKLYN,2015-02-19,40.6484415,-73.8824124,0.0,0.0,1.0,17:58,Pedestrians Killed
BROOKLYN,2015-02-20,40.6175896,-73.96381070000001,0.0,0.0,1.0,14:00,Pedestrians Killed
,2015-02-20,40.666294799999996,-73.7989819,0.0,0.0,1.0,5:01,Pedestrians Killed
QUEENS,2015-02-20,40.755392,-73.82828029999999,0.0,0.0,1.0,7:54,Pedestrians Killed
QUEENS,2015-02-22,40.7434005,-73.8888705,0.0,0.0,1.0,20:03,Pedestrians Killed
MANHATTAN,2015-03-07,40.7563818,-73.96432370000001,0.0,0.0,1.0,9:09,Pedestrians Killed
BROOKLYN,2015-03-09,40.6716376,-73.950335,0.0,0.0,1.0,0:06,Pedestrians Killed
BROOKLYN,2015-03-16,40.598766,-74.0007202,0.0,0.0,1.0,8:13,Pedestrians Killed
QUEENS,2015-03-17,40.765320200000005,-73.8890397,0.0,0.0,1.0,14:49,Pedestrians Killed
BRONX,2015-03-20,40.8387216,-73.91377059999999,0.0,0.0,2.0,18:34,Pedestrians Killed
BROOKLYN,2015-03-25,40.64919329999999,-73.8876761,0.0,0.0,1.0,15:30,Pedestrians Killed
BRONX,2015-04-02,40.905967499999996,-73.90433900000001,0.0,0.0,1.0,21:54,Pedestrians Killed
BROOKLYN,2015-04-18,40.6806417,-73.9533713,0.0,0.0,1.0,11:31,Pedestrians Killed
BROOKLYN,2015-04-21,40.6504017,-73.89421490000001,0.0,0.0,1.0,5:21,Pedestrians Killed
QUEENS,2015-04-25,40.6867596,-73.78448490000001,0.0,0.0,1.0,3:35,Pedestrians Killed
MANHATTAN,2015-05-06,40.8248126,-73.93678680000001,0.0,0.0,1.0,15:12,Pedestrians Killed
QUEENS,2015-05-08,40.7607986,-73.9296497,0.0,0.0,1.0,16:50,Pedestrians Killed
MANHATTAN,2015-05-09,40.7642144,-73.97095809999999,0.0,0.0,1.0,14:45,Pedestrians Killed
BROOKLYN,2015-05-10,40.6604716,-73.998014,0.0,0.0,1.0,1:23,Pedestrians Killed
QUEENS,2015-05-11,40.687951,-73.82501040000001,0.0,0.0,1.0,22:42,Pedestrians Killed
BRONX,2015-05-13,40.827169399999995,-73.8701147,0.0,0.0,1.0,9:33,Pedestrians Killed
MANHATTAN,2015-05-14,40.7608574,-73.9610689,0.0,0.0,1.0,19:45,Pedestrians Killed
MANHATTAN,2015-05-15,40.76082279999999,-73.9983142,0.0,0.0,1.0,21:49,Pedestrians Killed
BROOKLYN,2015-05-16,40.5864763,-73.94696009999998,0.0,0.0,1.0,19:35,Pedestrians Killed
BRONX,2015-05-17,40.8378635,-73.9113938,0.0,0.0,1.0,23:40,Pedestrians Killed
BROOKLYN,2015-05-19,40.655397,-73.9297608,0.0,0.0,1.0,9:30,Pedestrians Killed
MANHATTAN,2015-05-20,40.804257799999995,-73.9629254,0.0,0.0,1.0,15:04,Pedestrians Killed
BROOKLYN,2015-05-22,40.6451334,-73.9023131,0.0,0.0,1.0,20:20,Pedestrians Killed
QUEENS,2015-05-25,40.675200399999994,-73.7898903,0.0,0.0,1.0,17:59,Pedestrians Killed
BROOKLYN,2015-05-26,40.678278000000006,-73.91075490000001,0.0,0.0,1.0,4:54,Pedestrians Killed
BRONX,2015-05-30,40.8255779,-73.91845959999999,0.0,0.0,1.0,21:37,Pedestrians Killed
,2015-06-08,40.606103399999995,-74.0798167,0.0,0.0,1.0,0:23,Pedestrians Killed
MANHATTAN,2015-06-15,40.7628049,-73.9656703,0.0,0.0,1.0,14:13,Pedestrians Killed
BROOKLYN,2015-06-18,40.6835816,-73.9539533,0.0,0.0,1.0,17:40,Pedestrians Killed
,2015-06-20,40.824087299999995,-73.8743351,0.0,0.0,1.0,22:15,Pedestrians Killed
BROOKLYN,2015-06-23,40.67019129999999,-73.9393377,0.0,0.0,1.0,11:12,Pedestrians Killed
QUEENS,2015-06-27,40.7812557,-73.917965,0.0,0.0,1.0,0:26,Pedestrians Killed
BROOKLYN,2015-06-29,40.6641748,-73.9448906,0.0,0.0,1.0,17:35,Pedestrians Killed
BROOKLYN,2015-07-01,40.6541418,-73.8873109,0.0,0.0,1.0,10:26,Pedestrians Killed
BROOKLYN,2015-07-02,40.696184,-73.933829,0.0,0.0,1.0,22:25,Pedestrians Killed
BROOKLYN,2015-07-09,40.666331,-73.91570209999999,0.0,0.0,1.0,20:42,Pedestrians Killed
,2015-07-18,40.667039700000004,-73.76819470000001,0.0,0.0,1.0,2:07,Pedestrians Killed
QUEENS,2015-08-07,40.708947200000004,-73.8745074,0.0,0.0,1.0,0:25,Pedestrians Killed
BROOKLYN,2015-08-09,40.6902385,-73.9943603,0.0,0.0,1.0,20:23,Pedestrians Killed
MANHATTAN,2015-08-10,40.7542505,-73.96897729999999,0.0,0.0,1.0,16:24,Pedestrians Killed
BROOKLYN,2015-08-12,40.6894904,-73.9220696,0.0,0.0,1.0,15:45,Pedestrians Killed
STATEN ISLAND,2015-08-17,40.5664967,-74.1137614,0.0,0.0,1.0,4:20,Pedestrians Killed
BROOKLYN,2015-08-19,40.6248771,-73.9641742,0.0,0.0,1.0,13:35,Pedestrians Killed
QUEENS,2015-08-19,40.7489641,-73.8917522,0.0,0.0,1.0,1:11,Pedestrians Killed
MANHATTAN,2015-08-20,40.7662862,-73.98184870000001,0.0,0.0,1.0,9:39,Pedestrians Killed
BROOKLYN,2015-08-25,40.5895661,-73.9397962,0.0,0.0,1.0,15:35,Pedestrians Killed
BROOKLYN,2015-08-26,40.640168700000004,-73.9571253,0.0,0.0,1.0,17:09,Pedestrians Killed
,2015-08-29,40.7382624,-73.79893829999999,0.0,0.0,1.0,21:45,Pedestrians Killed
,2015-08-30,40.8171184,-73.8830681,0.0,0.0,1.0,7:51,Pedestrians Killed
BROOKLYN,2015-09-06,40.6442664,-73.9968434,0.0,0.0,1.0,0:30,Pedestrians Killed
BRONX,2015-09-14,40.825594,-73.8209773,0.0,0.0,1.0,9:38,Pedestrians Killed
BRONX,2015-09-18,40.879807,-73.9065753,0.0,0.0,1.0,2:35,Pedestrians Killed
QUEENS,2015-10-04,40.7571844,-73.8339571,0.0,0.0,1.0,1:09,Pedestrians Killed
STATEN ISLAND,2015-10-05,40.5293737,-74.1613509,0.0,0.0,2.0,23:00,Pedestrians Killed
STATEN ISLAND,2015-10-05,40.6140876,-74.06613279999999,0.0,0.0,1.0,19:29,Pedestrians Killed
QUEENS,2015-10-06,40.6913591,-73.8375359,0.0,0.0,1.0,17:33,Pedestrians Killed
QUEENS,2015-10-06,40.6936625,-73.85216390000001,0.0,0.0,1.0,21:30,Pedestrians Killed
,2015-10-08,40.7382134,-73.80106540000001,0.0,0.0,1.0,0:17,Pedestrians Killed
BROOKLYN,2015-10-13,40.6925629,-73.92798359999999,0.0,0.0,1.0,10:28,Pedestrians Killed
BROOKLYN,2015-10-14,40.5791996,-73.9819392,0.0,0.0,1.0,19:00,Pedestrians Killed
BROOKLYN,2015-10-23,40.576883,-73.952875,0.0,0.0,1.0,12:40,Pedestrians Killed
BROOKLYN,2015-10-24,40.6410646,-73.94661040000001,0.0,0.0,1.0,9:30,Pedestrians Killed
QUEENS,2015-10-26,40.704033100000004,-73.79379200000001,0.0,0.0,1.0,13:27,Pedestrians Killed
QUEENS,2015-11-01,40.756319399999995,-73.8336777,0.0,0.0,1.0,16:55,Pedestrians Killed
BROOKLYN,2015-11-01,40.6408847,-73.9494859,0.0,0.0,1.0,10:52,Pedestrians Killed
QUEENS,2015-11-01,40.7133001,-73.8491192,0.0,0.0,1.0,8:02,Pedestrians Killed
BROOKLYN,2015-11-03,40.6780135,-73.90597109999999,0.0,0.0,1.0,6:14,Pedestrians Killed
BRONX,2015-11-05,40.8189912,-73.88669940000001,0.0,0.0,1.0,8:38,Pedestrians Killed
,2015-11-05,40.7585505,-73.82963659999999,0.0,0.0,1.0,20:30,Pedestrians Killed
MANHATTAN,2015-11-06,40.774735299999996,-73.98817559999999,0.0,0.0,1.0,17:12,Pedestrians Killed
QUEENS,2015-11-07,40.66633220000001,-73.81055119999999,0.0,0.0,1.0,21:25,Pedestrians Killed
MANHATTAN,2015-11-08,40.8011722,-73.9614571,0.0,0.0,1.0,0:42,Pedestrians Killed
BROOKLYN,2015-11-12,40.6679546,-73.8700642,0.0,0.0,1.0,19:50,Pedestrians Killed
BROOKLYN,2015-11-16,40.6829405,-73.8671614,0.0,0.0,1.0,13:23,Pedestrians Killed
BROOKLYN,2015-11-18,40.5945938,-73.99549909999999,0.0,0.0,1.0,19:16,Pedestrians Killed
BROOKLYN,2015-11-18,40.6002316,-73.9955923,0.0,0.0,1.0,22:03,Pedestrians Killed
,2015-11-21,40.6706674,-73.8010245,0.0,0.0,1.0,0:17,Pedestrians Killed
MANHATTAN,2015-11-23,40.7135539,-73.98085309999999,0.0,0.0,1.0,11:02,Pedestrians Killed
BROOKLYN,2015-11-25,40.6233399,-73.95594009999999,0.0,0.0,1.0,16:49,Pedestrians Killed
QUEENS,2015-11-25,40.735724,-73.9367594,0.0,0.0,1.0,21:22,Pedestrians Killed
BROOKLYN,2015-11-26,40.6569792,-73.88941820000001,0.0,0.0,1.0,19:13,Pedestrians Killed
BROOKLYN,2015-11-30,40.6091307,-73.95740450000001,0.0,0.0,1.0,10:30,Pedestrians Killed
BRONX,2015-12-01,40.885304299999994,-73.8295323,0.0,0.0,1.0,23:41,Pedestrians Killed
BROOKLYN,2015-12-02,40.6936492,-73.9833217,0.0,0.0,1.0,11:47,Pedestrians Killed
MANHATTAN,2015-12-02,40.7609059,-73.96699609999999,0.0,0.0,1.0,5:17,Pedestrians Killed
QUEENS,2015-12-06,40.753657200000006,-73.8629707,0.0,0.0,1.0,15:54,Pedestrians Killed
BROOKLYN,2015-12-06,40.686310799999994,-73.9744391,0.0,0.0,1.0,17:25,Pedestrians Killed
QUEENS,2015-12-08,40.7568039,-73.8736557,0.0,0.0,1.0,22:50,Pedestrians Killed
BROOKLYN,2015-12-11,40.6722935,-73.913117,0.0,0.0,1.0,22:43,Pedestrians Killed
BROOKLYN,2015-12-14,40.5881722,-73.95245290000001,0.0,0.0,1.0,17:55,Pedestrians Killed
STATEN ISLAND,2015-12-15,40.5565344,-74.1281176,0.0,0.0,1.0,9:21,Pedestrians Killed
QUEENS,2015-12-16,40.712832399999996,-73.8782912,0.0,0.0,1.0,13:51,Pedestrians Killed
BROOKLYN,2015-12-18,40.599765000000005,-73.9948217,0.0,0.0,1.0,14:20,Pedestrians Killed
BROOKLYN,2015-12-24,40.5970039,-73.9499008,0.0,0.0,1.0,16:34,Pedestrians Killed
MANHATTAN,2016-01-07,40.7707099,-73.95093270000001,0.0,0.0,1.0,18:41,Pedestrians Killed
,2016-01-08,40.7399029,-73.9728449,0.0,0.0,1.0,0:35,Pedestrians Killed
BRONX,2016-01-08,40.8392249,-73.91508909999999,0.0,0.0,1.0,23:14,Pedestrians Killed
BROOKLYN,2016-01-10,40.676343100000004,-73.910927,0.0,0.0,1.0,4:18,Pedestrians Killed
MANHATTAN,2016-01-12,40.7183032,-73.98739559999999,0.0,0.0,1.0,13:29,Pedestrians Killed
MANHATTAN,2016-01-14,40.7940523,-73.97036729999999,0.0,0.0,1.0,17:46,Pedestrians Killed
,2016-01-21,40.7483506,-73.96785899999999,0.0,0.0,1.0,19:27,Pedestrians Killed
QUEENS,2016-01-22,40.78419,-73.8458097,0.0,0.0,1.0,9:21,Pedestrians Killed
BROOKLYN,2016-01-28,40.6014422,-74.0015449,0.0,0.0,1.0,13:04,Pedestrians Killed
BROOKLYN,2016-02-03,40.6236805,-73.9977125,0.0,0.0,1.0,6:23,Pedestrians Killed
BROOKLYN,2016-02-05,40.6775631,-73.9330796,0.0,0.0,1.0,18:34,Pedestrians Killed
BROOKLYN,2016-02-06,40.6542235,-73.9153065,0.0,0.0,1.0,10:14,Pedestrians Killed
QUEENS,2016-02-10,40.6656136,-73.7356712,0.0,0.0,1.0,0:17,Pedestrians Killed
MANHATTAN,2016-02-10,40.839178000000004,-73.9411352,0.0,0.0,1.0,20:48,Pedestrians Killed
MANHATTAN,2016-02-12,40.7576938,-74.0005848,0.0,0.0,1.0,10:02,Pedestrians Killed
BRONX,2016-02-28,40.83572120000001,-73.8556463,0.0,0.0,1.0,23:28,Pedestrians Killed
QUEENS,2016-02-28,40.6824607,-73.83001479999999,0.0,0.0,1.0,4:40,Pedestrians Killed
BROOKLYN,2016-02-28,40.6691717,-73.9863054,0.0,0.0,1.0,4:56,Pedestrians Killed
MANHATTAN,2016-02-29,40.7490492,-73.982023,0.0,0.0,1.0,8:34,Pedestrians Killed
BRONX,2016-03-10,40.835432,-73.92339840000001,0.0,0.0,1.0,19:27,Pedestrians Killed
QUEENS,2016-03-11,40.7547066,-73.854786,0.0,0.0,1.0,8:17,Pedestrians Killed
MANHATTAN,2016-03-15,40.780065,-73.9470478,0.0,0.0,1.0,4:36,Pedestrians Killed
MANHATTAN,2016-03-22,40.799285600000005,-73.94536020000001,0.0,0.0,1.0,21:23,Pedestrians Killed
MANHATTAN,2016-03-26,40.7865513,-73.95465490000001,0.0,0.0,1.0,17:50,Pedestrians Killed
QUEENS,2016-04-05,40.7640838,-73.8333515,0.0,0.0,1.0,8:57,Pedestrians Killed
QUEENS,2016-04-06,40.7690596,-73.9284713,0.0,0.0,1.0,21:56,Pedestrians Killed
STATEN ISLAND,2016-04-12,40.541011600000004,-74.1471027,0.0,0.0,1.0,9:48,Pedestrians Killed
BROOKLYN,2016-04-14,40.6843388,-73.9147563,0.0,0.0,1.0,18:26,Pedestrians Killed
BROOKLYN,2016-05-01,40.638513700000004,-73.8998979,0.0,0.0,1.0,12:46,Pedestrians Killed
QUEENS,2016-05-08,40.6797941,-73.8098135,0.0,0.0,2.0,2:34,Pedestrians Killed
MANHATTAN,2016-05-10,40.7690642,-73.961111,0.0,0.0,1.0,10:32,Pedestrians Killed
,2016-05-10,40.6210811,-74.0219825,0.0,0.0,1.0,21:05,Pedestrians Killed
BRONX,2016-05-16,40.830346,-73.92327420000001,0.0,0.0,1.0,8:05,Pedestrians Killed
,2016-06-05,40.8373174,-73.93403670000001,0.0,0.0,1.0,22:11,Pedestrians Killed
MANHATTAN,2016-06-06,40.754707200000006,-73.9916334,0.0,0.0,1.0,16:30,Pedestrians Killed
,2016-06-16,40.7703252,-73.83496140000001,0.0,0.0,1.0,4:40,Pedestrians Killed
MANHATTAN,2016-06-16,40.7408734,-73.9879831,0.0,0.0,1.0,22:19,Pedestrians Killed
QUEENS,2016-06-17,40.7649898,-73.8206673,0.0,0.0,1.0,11:13,Pedestrians Killed
BROOKLYN,2016-06-18,40.654313,-73.91757690000001,0.0,0.0,1.0,17:46,Pedestrians Killed
BROOKLYN,2016-06-19,40.6902385,-73.9943603,0.0,0.0,1.0,21:56,Pedestrians Killed
MANHATTAN,2016-06-28,40.7810254,-73.9813103,0.0,0.0,1.0,20:37,Pedestrians Killed
MANHATTAN,2016-07-01,40.7599831,-73.96480179999999,0.0,0.0,1.0,11:07,Pedestrians Killed
,2016-07-01,40.8638856,-73.91067790000001,0.0,0.0,1.0,23:07,Pedestrians Killed
,2016-07-08,40.6937879,-73.8117234,0.0,0.0,1.0,22:31,Pedestrians Killed
,2016-07-10,40.7699976,-73.9158178,0.0,0.0,1.0,22:07,Pedestrians Killed
,2016-07-12,40.841274,-73.91762,0.0,0.0,2.0,21:58,Pedestrians Killed
,2016-08-29,40.724264500000004,-73.9374387,0.0,0.0,1.0,2:08,Pedestrians Killed
,2016-09-29,40.657078000000006,-73.88917,0.0,0.0,2.0,16:45,Pedestrians Killed
MANHATTAN,2016-10-04,40.719933000000005,-73.97876,0.0,0.0,1.0,9:49,Pedestrians Killed
,2016-10-05,40.69775,-73.81393,0.0,0.0,1.0,0:14,Pedestrians Killed
MANHATTAN,2016-10-07,40.7778604,-73.94571359999999,0.0,0.0,1.0,14:10,Pedestrians Killed
BRONX,2016-10-10,40.8251992,-73.91475290000001,0.0,0.0,1.0,21:10,Pedestrians Killed
BRONX,2016-10-14,40.862679299999996,-73.9090397,0.0,0.0,1.0,12:10,Pedestrians Killed
QUEENS,2016-10-16,40.7627471,-73.8332862,0.0,0.0,1.0,17:10,Pedestrians Killed
BRONX,2016-10-18,40.8363481,-73.8522082,0.0,0.0,1.0,16:10,Pedestrians Killed
,2016-10-24,40.671196,-73.84295999999999,0.0,0.0,1.0,6:40,Pedestrians Killed
,2016-11-05,40.7031321,-73.8167895,0.0,0.0,1.0,22:20,Pedestrians Killed
BRONX,2016-11-08,40.8091071,-73.92288690000001,0.0,0.0,1.0,16:11,Pedestrians Killed
BROOKLYN,2016-11-13,40.684146999999996,-73.922966,0.0,0.0,1.0,17:15,Pedestrians Killed
,2016-11-15,40.826523,-73.93115999999999,0.0,0.0,1.0,18:40,Pedestrians Killed
BROOKLYN,2016-12-01,40.7085282,-73.9684503,0.0,0.0,1.0,11:12,Pedestrians Killed
,2016-12-05,40.7564071,-73.8534802,0.0,0.0,1.0,23:12,Pedestrians Killed
,2016-12-06,40.694843,-73.95248000000001,0.0,0.0,1.0,20:00,Pedestrians Killed
MANHATTAN,2016-12-09,40.75773220000001,-73.99685240000001,0.0,0.0,1.0,16:51,Pedestrians Killed
,2016-12-13,40.72839260000001,-73.83301379999999,0.0,0.0,1.0,16:50,Pedestrians Killed
BRONX,2016-12-16,40.8213,-73.88033,0.0,0.0,1.0,20:41,Pedestrians Killed
BROOKLYN,2016-12-19,40.602688,-73.93355600000001,0.0,0.0,1.0,22:21,Pedestrians Killed
BROOKLYN,2016-12-19,40.6776584,-73.8983609,0.0,0.0,1.0,4:03,Pedestrians Killed
BRONX,2016-12-27,40.848929999999996,-73.890465,0.0,0.0,1.0,11:32,Pedestrians Killed
,2016-12-28,40.7154325,-73.7291727,0.0,0.0,1.0,20:13,Pedestrians Killed
BROOKLYN,2016-12-28,40.651140000000005,-73.89,0.0,0.0,1.0,19:13,Pedestrians Killed
BROOKLYN,2013-03-08,40.6284454,-73.9963362,1.0,0.0,0.0,4:35,Cyclists Killed
BROOKLYN,2013-05-19,40.671645,-73.96257370000001,1.0,0.0,0.0,1:13,Cyclists Killed
BROOKLYN,2013-05-27,40.6020295,-73.9985631,1.0,0.0,0.0,12:04,Cyclists Killed
MANHATTAN,2013-06-02,40.7942333,-73.9469462,1.0,0.0,0.0,19:45,Cyclists Killed
MANHATTAN,2013-06-06,40.805057299999994,-73.93903420000001,1.0,0.0,0.0,20:57,Cyclists Killed
QUEENS,2013-08-14,40.6563005,-73.8478533,1.0,0.0,0.0,18:29,Cyclists Killed
BROOKLYN,2013-10-20,40.689870299999995,-73.9882988,1.0,0.0,0.0,23:20,Cyclists Killed
BRONX,2013-10-30,40.8359271,-73.90290390000001,1.0,0.0,0.0,6:38,Cyclists Killed
MANHATTAN,2014-01-19,40.807772299999996,-73.94548329999999,1.0,0.0,0.0,1:25,Cyclists Killed
BROOKLYN,2014-02-02,40.669196500000005,-73.96211009999999,1.0,0.0,0.0,6:13,Cyclists Killed
MANHATTAN,2014-04-17,40.7909397,-73.9472305,1.0,0.0,0.0,16:45,Cyclists Killed
QUEENS,2014-05-11,40.6819859,-73.84976329999999,1.0,0.0,0.0,21:37,Cyclists Killed
QUEENS,2014-05-23,40.688090700000004,-73.7357083,1.0,0.0,0.0,8:31,Cyclists Killed
QUEENS,2014-06-06,40.666396,-73.7517593,1.0,0.0,0.0,4:58,Cyclists Killed
BROOKLYN,2014-06-10,40.69698629999999,-73.9352238,1.0,0.0,0.0,14:31,Cyclists Killed
QUEENS,2014-06-10,40.7553365,-73.8432452,1.0,0.0,0.0,12:46,Cyclists Killed
MANHATTAN,2014-07-20,40.7999588,-73.96052590000001,1.0,0.0,0.0,14:03,Cyclists Killed
QUEENS,2014-07-28,40.6669713,-73.7912968,1.0,0.0,0.0,9:51,Cyclists Killed
QUEENS,2014-08-13,40.7636677,-73.8230246,1.0,0.0,0.0,9:52,Cyclists Killed
BROOKLYN,2014-08-15,40.6066705,-73.9725897,1.0,0.0,0.0,9:45,Cyclists Killed
MANHATTAN,2014-08-18,40.7942333,-73.9469462,1.0,0.0,0.0,5:15,Cyclists Killed
BROOKLYN,2014-09-03,40.7107873,-73.9599439,1.0,0.0,0.0,0:25,Cyclists Killed
MANHATTAN,2014-11-24,40.7207095,-73.98130920000001,1.0,0.0,0.0,21:58,Cyclists Killed
BRONX,2014-11-25,40.8321617,-73.87222609999999,1.0,0.0,0.0,6:45,Cyclists Killed
QUEENS,2015-01-17,40.756474100000005,-73.9472651,1.0,0.0,0.0,19:13,Cyclists Killed
BRONX,2015-04-05,40.825413899999994,-73.923475,1.0,0.0,0.0,17:14,Cyclists Killed
QUEENS,2015-04-16,40.674896200000006,-73.8074409,1.0,0.0,0.0,12:58,Cyclists Killed
MANHATTAN,2015-05-27,40.8075979,-73.9371788,1.0,0.0,0.0,23:15,Cyclists Killed
BROOKLYN,2015-06-22,40.6500815,-73.9610074,1.0,0.0,0.0,10:25,Cyclists Killed
BROOKLYN,2015-07-13,40.6831278,-73.9791852,1.0,0.0,0.0,7:05,Cyclists Killed
QUEENS,2015-07-28,40.7498984,-73.93781070000001,1.0,0.0,0.0,14:14,Cyclists Killed
BROOKLYN,2015-07-29,40.6736898,-74.0118029,1.0,0.0,0.0,23:05,Cyclists Killed
BROOKLYN,2015-08-05,40.6488,-74.0134237,1.0,0.0,0.0,17:25,Cyclists Killed
BRONX,2015-08-05,40.8401761,-73.9252686,1.0,0.0,0.0,18:58,Cyclists Killed
QUEENS,2015-08-20,40.6063974,-73.7517519,1.0,0.0,0.0,19:22,Cyclists Killed
BRONX,2015-09-11,40.8595489,-73.80090159999999,1.0,0.0,0.0,23:56,Cyclists Killed
STATEN ISLAND,2015-09-14,40.5512542,-74.1345595,1.0,0.0,0.0,17:18,Cyclists Killed
QUEENS,2015-10-14,40.726214299999995,-73.92051500000001,1.0,0.0,0.0,8:45,Cyclists Killed
QUEENS,2015-10-14,40.726214299999995,-73.92051500000001,1.0,0.0,0.0,8:45,Cyclists Killed
BRONX,2016-01-18,40.8538084,-73.85527809999999,1.0,0.0,0.0,9:44,Cyclists Killed
BROOKLYN,2016-01-19,40.5982053,-73.96210359999999,1.0,0.0,0.0,17:03,Cyclists Killed
MANHATTAN,2016-02-11,40.7219679,-74.00823259999999,1.0,0.0,0.0,18:42,Cyclists Killed
STATEN ISLAND,2016-02-16,40.572907799999996,-74.1370436,1.0,0.0,0.0,17:39,Cyclists Killed
BROOKLYN,2016-04-15,40.6866826,-73.95956890000001,1.0,0.0,0.0,8:34,Cyclists Killed
BROOKLYN,2016-04-20,40.6780631,-73.97618,1.0,0.0,0.0,7:59,Cyclists Killed
BROOKLYN,2016-05-09,40.6100983,-73.9613729,1.0,0.0,0.0,21:53,Cyclists Killed
BROOKLYN,2016-06-07,40.697185600000005,-73.9288333,1.0,0.0,0.0,6:46,Cyclists Killed
,2016-06-11,40.83527,-73.832245,1.0,0.0,0.0,0:42,Cyclists Killed
MANHATTAN,2016-06-11,40.7171751,-74.0128675,1.0,0.0,0.0,19:52,Cyclists Killed
QUEENS,2016-07-07,40.7439732,-73.88509470000001,1.0,0.0,0.0,0:00,Cyclists Killed
,2016-09-05,40.7716414,-73.8728386,1.0,0.0,0.0,0:09,Cyclists Killed
MANHATTAN,2016-12-15,40.7699819,-73.994646,1.0,0.0,0.0,6:48,Cyclists Killed
,2013-01-02,40.7363231,-73.8563019,0.0,1.0,0.0,4:00,Motorists Killed
BRONX,2013-01-04,40.818461,-73.9148771,0.0,1.0,0.0,7:46,Motorists Killed
BROOKLYN,2013-01-05,40.5976825,-73.96684990000001,0.0,3.0,0.0,2:08,Motorists Killed
BROOKLYN,2013-01-06,40.6558844,-73.9423998,0.0,1.0,0.0,21:12,Motorists Killed
QUEENS,2013-01-19,40.674021,-73.86107220000001,0.0,1.0,0.0,22:14,Motorists Killed
QUEENS,2013-01-30,40.6979494,-73.7366502,0.0,1.0,0.0,12:50,Motorists Killed
MANHATTAN,2013-02-04,40.7894755,-73.9573939,0.0,1.0,0.0,15:15,Motorists Killed
MANHATTAN,2013-02-06,40.820097499999996,-73.95507640000001,0.0,1.0,0.0,14:15,Motorists Killed
BROOKLYN,2013-02-13,40.6694586,-73.8628301,0.0,1.0,0.0,14:55,Motorists Killed
QUEENS,2013-02-21,40.6796533,-73.7772287,0.0,1.0,0.0,20:10,Motorists Killed
BROOKLYN,2013-02-23,40.6385777,-73.9041314,0.0,1.0,0.0,14:40,Motorists Killed
QUEENS,2013-02-25,40.727411,-73.80205409999999,0.0,1.0,0.0,18:51,Motorists Killed
,2013-02-28,40.789528000000004,-73.820422,0.0,1.0,0.0,1:57,Motorists Killed
BROOKLYN,2013-03-03,40.7031587,-73.9658741,0.0,3.0,0.0,0:05,Motorists Killed
BROOKLYN,2013-03-03,40.678009499999995,-73.9413784,0.0,1.0,0.0,0:08,Motorists Killed
MANHATTAN,2013-03-10,40.760158600000004,-74.0026387,0.0,1.0,0.0,6:20,Motorists Killed
,2013-03-17,40.720090899999995,-73.78269190000002,0.0,1.0,0.0,3:20,Motorists Killed
QUEENS,2013-03-18,40.6869658,-73.7383125,0.0,1.0,0.0,19:16,Motorists Killed
BROOKLYN,2013-04-04,40.6485398,-73.92424720000001,0.0,1.0,0.0,4:17,Motorists Killed
MANHATTAN,2013-04-06,40.81582879999999,-73.9470338,0.0,1.0,0.0,4:33,Motorists Killed
BROOKLYN,2013-04-22,40.696034600000004,-73.9845292,0.0,1.0,0.0,20:09,Motorists Killed
BRONX,2013-05-06,40.8504784,-73.91542530000001,0.0,1.0,0.0,11:40,Motorists Killed
,2013-05-07,40.6649967,-73.80228290000001,0.0,1.0,0.0,23:38,Motorists Killed
BROOKLYN,2013-05-10,40.6767657,-73.8805058,0.0,1.0,0.0,19:47,Motorists Killed
QUEENS,2013-05-14,40.768630200000004,-73.935822,0.0,1.0,0.0,21:58,Motorists Killed
BROOKLYN,2013-05-27,40.6057155,-74.0091907,0.0,1.0,0.0,22:13,Motorists Killed
QUEENS,2013-05-31,40.650285,-73.7349679,0.0,1.0,0.0,19:39,Motorists Killed
BRONX,2013-06-11,40.819693799999996,-73.90160159999999,0.0,1.0,0.0,12:44,Motorists Killed
BROOKLYN,2013-06-11,40.709551700000006,-73.95885890000001,0.0,1.0,0.0,4:23,Motorists Killed
QUEENS,2013-06-12,40.765057,-73.81292009999999,0.0,1.0,0.0,17:31,Motorists Killed
,2013-06-20,40.6412074,-73.8771979,0.0,1.0,0.0,0:45,Motorists Killed
,2013-06-23,40.7191256,-73.7913993,0.0,1.0,0.0,9:45,Motorists Killed
,2013-06-29,40.7191256,-73.7913993,0.0,2.0,0.0,3:50,Motorists Killed
BROOKLYN,2013-07-07,40.6241708,-73.9704715,0.0,1.0,0.0,2:44,Motorists Killed
QUEENS,2013-07-07,40.7533324,-73.76813220000001,0.0,1.0,0.0,19:38,Motorists Killed
QUEENS,2013-07-11,40.6656299,-73.7392073,0.0,1.0,0.0,5:28,Motorists Killed
,2013-07-20,40.7522009,-73.72612170000001,0.0,1.0,0.0,4:28,Motorists Killed
QUEENS,2013-07-22,40.6912455,-73.85087829999999,0.0,1.0,0.0,12:17,Motorists Killed
BROOKLYN,2013-07-26,40.6500214,-73.91554609999999,0.0,1.0,0.0,16:40,Motorists Killed
BRONX,2013-07-26,40.835452200000006,-73.88222640000001,0.0,1.0,0.0,2:38,Motorists Killed
,2013-07-27,40.8792309,-73.8176945,0.0,1.0,0.0,4:15,Motorists Killed
QUEENS,2013-07-28,40.6736299,-73.7327734,0.0,1.0,0.0,5:00,Motorists Killed
QUEENS,2013-07-30,40.735778100000005,-73.7465392,0.0,1.0,0.0,1:07,Motorists Killed
MANHATTAN,2013-08-01,40.747768799999996,-74.00039699999999,0.0,1.0,0.0,0:11,Motorists Killed
,2013-08-06,40.610422,-74.1512,0.0,1.0,0.0,1:05,Motorists Killed
BROOKLYN,2013-08-07,40.6444315,-73.9295994,0.0,1.0,0.0,4:10,Motorists Killed
,2013-08-11,40.6692344,-73.99714300000001,0.0,1.0,0.0,2:38,Motorists Killed
QUEENS,2013-08-11,40.7433745,-73.9205559,0.0,1.0,0.0,3:44,Motorists Killed
BROOKLYN,2013-08-11,40.7075935,-73.95554179999999,0.0,1.0,0.0,4:35,Motorists Killed
BROOKLYN,2013-08-14,40.6818006,-73.8897736,0.0,1.0,0.0,20:31,Motorists Killed
BROOKLYN,2013-08-15,40.5741231,-74.00407840000001,0.0,1.0,0.0,17:05,Motorists Killed
BROOKLYN,2013-08-15,40.5764221,-73.96976550000001,0.0,1.0,0.0,2:03,Motorists Killed
BROOKLYN,2013-08-15,40.735158899999995,-73.9550724,0.0,1.0,0.0,21:10,Motorists Killed
,2013-08-16,40.732833299999996,-73.9741445,0.0,1.0,0.0,10:55,Motorists Killed
QUEENS,2013-08-16,40.7068736,-73.8591426,0.0,1.0,0.0,4:32,Motorists Killed
MANHATTAN,2013-08-21,40.7269334,-73.99991700000001,0.0,1.0,0.0,17:25,Motorists Killed
,2013-08-23,40.7850321,-73.9405708,0.0,1.0,0.0,10:36,Motorists Killed
BROOKLYN,2013-08-24,40.6494525,-73.9407657,0.0,1.0,0.0,17:00,Motorists Killed
QUEENS,2013-08-24,40.5933206,-73.77271340000001,0.0,2.0,0.0,3:00,Motorists Killed
BROOKLYN,2013-08-24,40.638740000000006,-73.89519179999999,0.0,1.0,0.0,18:03,Motorists Killed
,2013-08-25,40.5839626,-73.9252914,0.0,1.0,0.0,20:41,Motorists Killed
,2013-08-31,40.771375799999994,-73.8771311,0.0,1.0,0.0,23:55,Motorists Killed
QUEENS,2013-09-04,40.744028799999995,-73.9261524,0.0,1.0,0.0,15:38,Motorists Killed
QUEENS,2013-09-06,40.739836700000005,-73.8671454,0.0,1.0,0.0,20:12,Motorists Killed
MANHATTAN,2013-09-08,40.7707422,-73.9945485,0.0,1.0,0.0,3:08,Motorists Killed
QUEENS,2013-09-14,40.782856,-73.9107303,0.0,2.0,0.0,16:28,Motorists Killed
BROOKLYN,2013-09-15,40.65531179999999,-73.9031775,0.0,1.0,0.0,12:39,Motorists Killed
QUEENS,2013-09-17,40.7459414,-73.900054,0.0,1.0,0.0,15:24,Motorists Killed
BROOKLYN,2013-09-21,40.6357409,-74.0260387,0.0,1.0,0.0,16:08,Motorists Killed
BROOKLYN,2013-10-11,40.612074799999995,-73.9277462,0.0,1.0,0.0,12:59,Motorists Killed
,2013-10-13,40.789021999999996,-73.8186415,0.0,1.0,0.0,5:36,Motorists Killed
BROOKLYN,2013-10-17,40.637108000000005,-73.8933748,0.0,1.0,0.0,4:54,Motorists Killed
BROOKLYN,2013-10-20,40.6957047,-73.9463647,0.0,1.0,0.0,22:15,Motorists Killed
BROOKLYN,2013-10-22,40.640239,-73.9194608,0.0,1.0,0.0,4:30,Motorists Killed
MANHATTAN,2013-11-05,40.7742266,-73.9811136,0.0,1.0,0.0,1:29,Motorists Killed
,2013-11-09,40.7652999,-73.8396576,0.0,1.0,0.0,10:15,Motorists Killed
,2013-11-09,40.8750199,-73.8186057,0.0,2.0,0.0,7:08,Motorists Killed
BRONX,2013-11-10,40.8865285,-73.8997812,0.0,1.0,0.0,0:15,Motorists Killed
,2013-11-15,40.7148726,-73.72909659999999,0.0,1.0,0.0,22:14,Motorists Killed
BROOKLYN,2013-11-30,40.588887799999995,-73.96564090000001,0.0,1.0,0.0,19:56,Motorists Killed
QUEENS,2013-11-30,40.6598458,-73.835205,0.0,1.0,0.0,1:25,Motorists Killed
BROOKLYN,2013-12-14,40.6813529,-73.8811681,0.0,1.0,0.0,2:42,Motorists Killed
STATEN ISLAND,2013-12-14,40.5952985,-74.11037890000001,0.0,1.0,0.0,5:05,Motorists Killed
BRONX,2013-12-21,40.854199799999996,-73.8544097,0.0,1.0,0.0,16:07,Motorists Killed
QUEENS,2013-12-21,40.7418634,-73.9075049,0.0,1.0,0.0,16:30,Motorists Killed
QUEENS,2013-12-31,40.767222600000004,-73.79361440000001,0.0,1.0,0.0,14:42,Motorists Killed
STATEN ISLAND,2014-01-01,40.642031200000005,-74.0951457,0.0,1.0,0.0,5:07,Motorists Killed
,2014-01-01,40.7385394,-73.81050309999999,0.0,1.0,0.0,2:04,Motorists Killed
,2014-01-02,40.76443629999999,-73.7226787,0.0,1.0,0.0,4:47,Motorists Killed
STATEN ISLAND,2014-01-10,40.5758147,-74.11978520000001,0.0,1.0,0.0,19:16,Motorists Killed
BROOKLYN,2014-01-12,40.678956799999995,-73.954126,0.0,1.0,0.0,14:56,Motorists Killed
MANHATTAN,2014-01-17,40.754176799999996,-73.98459509999999,0.0,1.0,0.0,15:56,Motorists Killed
BROOKLYN,2014-01-31,40.6502446,-73.9027344,0.0,1.0,0.0,13:40,Motorists Killed
,2014-01-31,40.768877200000006,-73.9489716,0.0,1.0,0.0,23:25,Motorists Killed
BRONX,2014-02-09,40.8310849,-73.86908079999999,0.0,1.0,0.0,15:29,Motorists Killed
,2014-02-18,40.7382624,-73.79893829999999,0.0,2.0,0.0,0:59,Motorists Killed
BROOKLYN,2014-03-04,40.668818,-73.89894040000001,0.0,1.0,0.0,9:59,Motorists Killed
QUEENS,2014-03-05,40.6966162,-73.8162064,0.0,1.0,0.0,17:00,Motorists Killed
BROOKLYN,2014-03-09,40.7337398,-73.95484240000002,0.0,1.0,0.0,15:42,Motorists Killed
BROOKLYN,2014-03-23,40.6746537,-73.90915550000001,0.0,1.0,0.0,8:05,Motorists Killed
MANHATTAN,2014-03-27,40.805736100000004,-73.9406446,0.0,1.0,0.0,2:50,Motorists Killed
,2014-04-02,40.6655218,-73.7446568,0.0,1.0,0.0,6:00,Motorists Killed
QUEENS,2014-04-04,40.7792798,-73.9008742,0.0,4.0,0.0,22:35,Motorists Killed
STATEN ISLAND,2014-04-05,40.60604420000001,-74.06334820000001,0.0,1.0,0.0,18:33,Motorists Killed
BROOKLYN,2014-04-08,40.641728799999996,-73.9076365,0.0,1.0,0.0,4:47,Motorists Killed
,2014-04-14,40.6655218,-73.7446568,0.0,1.0,0.0,4:07,Motorists Killed
BROOKLYN,2014-04-16,40.70157329999999,-73.9312919,0.0,1.0,0.0,4:37,Motorists Killed
BROOKLYN,2014-04-26,40.5770881,-73.9509957,0.0,1.0,0.0,15:00,Motorists Killed
BRONX,2014-04-28,40.8586838,-73.8473975,0.0,1.0,0.0,23:20,Motorists Killed
BROOKLYN,2014-04-30,40.6118189,-73.9411628,0.0,1.0,0.0,14:22,Motorists Killed
,2014-05-01,40.744646100000004,-73.7703999,0.0,1.0,0.0,3:51,Motorists Killed
BROOKLYN,2014-05-04,40.6320498,-73.89685959999998,0.0,1.0,0.0,5:11,Motorists Killed
MANHATTAN,2014-05-06,40.7908949,-73.94516850000001,0.0,1.0,0.0,12:33,Motorists Killed
,2014-05-16,40.74723779999999,-73.77287209999999,0.0,1.0,0.0,12:37,Motorists Killed
BROOKLYN,2014-05-19,40.609809600000006,-73.92249759999999,0.0,2.0,0.0,18:37,Motorists Killed
BROOKLYN,2014-05-21,40.6142465,-74.0065589,0.0,1.0,0.0,15:21,Motorists Killed
BROOKLYN,2014-05-21,40.6344828,-73.9188516,0.0,1.0,0.0,10:41,Motorists Killed
BRONX,2014-05-24,40.9063395,-73.89649179999999,0.0,1.0,0.0,17:25,Motorists Killed
BROOKLYN,2014-05-25,40.609416700000004,-73.9676868,0.0,1.0,0.0,3:33,Motorists Killed
,2014-05-27,40.7686857,-73.9066698,0.0,1.0,0.0,13:30,Motorists Killed
QUEENS,2014-06-02,40.68793839999999,-73.78962659999999,0.0,1.0,0.0,16:55,Motorists Killed
BRONX,2014-06-02,40.834917600000004,-73.89412390000001,0.0,1.0,0.0,8:35,Motorists Killed
MANHATTAN,2014-06-05,40.757233,-73.976047,0.0,1.0,0.0,11:19,Motorists Killed
STATEN ISLAND,2014-06-05,40.623053799999994,-74.11326340000001,0.0,1.0,0.0,19:30,Motorists Killed
QUEENS,2014-06-13,40.7518951,-73.7798059,0.0,1.0,0.0,14:40,Motorists Killed
QUEENS,2014-06-13,40.7518951,-73.7798059,0.0,1.0,0.0,14:40,Motorists Killed
,2014-06-15,40.819821399999995,-73.81284649999999,0.0,1.0,0.0,0:41,Motorists Killed
QUEENS,2014-06-29,40.7184964,-73.73531,0.0,1.0,0.0,22:22,Motorists Killed
,2014-07-02,40.8058094,-73.9707438,0.0,1.0,0.0,0:33,Motorists Killed
QUEENS,2014-07-04,40.5955618,-73.7471003,0.0,1.0,0.0,18:25,Motorists Killed
QUEENS,2014-07-09,40.68424,-73.8460949,0.0,1.0,0.0,19:35,Motorists Killed
BROOKLYN,2014-07-09,40.642134000000006,-73.9293532,0.0,1.0,0.0,1:35,Motorists Killed
QUEENS,2014-07-18,40.707660100000005,-73.91343520000001,0.0,1.0,0.0,15:46,Motorists Killed
QUEENS,2014-07-23,40.7196229,-73.91132009999998,0.0,1.0,0.0,16:54,Motorists Killed
,2014-07-24,40.7374593,-73.7410827,0.0,1.0,0.0,23:47,Motorists Killed
BRONX,2014-07-24,40.8710047,-73.8938386,0.0,1.0,0.0,2:19,Motorists Killed
MANHATTAN,2014-07-25,40.785866399999996,-73.9509287,0.0,1.0,0.0,9:41,Motorists Killed
QUEENS,2014-07-27,40.761356400000004,-73.9353886,0.0,1.0,0.0,16:45,Motorists Killed
,2014-08-02,40.7429082,-73.8393082,0.0,2.0,0.0,0:37,Motorists Killed
,2014-08-12,40.771122399999996,-73.8696353,0.0,1.0,0.0,4:25,Motorists Killed
BROOKLYN,2014-08-17,40.6691002,-73.9366568,0.0,1.0,0.0,4:14,Motorists Killed
,2014-08-27,40.666413399999996,-73.7881226,0.0,1.0,0.0,3:51,Motorists Killed
,2014-08-30,40.79040139999999,-73.82344,0.0,1.0,0.0,22:19,Motorists Killed
BRONX,2014-09-01,40.8106084,-73.8835492,0.0,1.0,0.0,9:30,Motorists Killed
BROOKLYN,2014-09-05,40.6184997,-74.0395757,0.0,1.0,0.0,13:49,Motorists Killed
,2014-09-12,40.828069299999996,-73.87296620000001,0.0,2.0,0.0,4:13,Motorists Killed
BRONX,2014-09-16,40.854677,-73.84365090000001,0.0,1.0,0.0,19:15,Motorists Killed
QUEENS,2014-09-18,40.6670937,-73.7637567,0.0,2.0,0.0,22:43,Motorists Killed
,2014-09-21,40.8221447,-73.8878132,0.0,1.0,0.0,5:07,Motorists Killed
QUEENS,2014-09-22,40.7376906,-73.7684572,0.0,1.0,0.0,16:09,Motorists Killed
BRONX,2014-09-23,40.895221299999996,-73.8800407,0.0,1.0,0.0,7:09,Motorists Killed
,2014-10-07,40.7303695,-73.9138714,0.0,1.0,0.0,19:00,Motorists Killed
,2014-11-03,40.6054518,-73.8985502,0.0,1.0,0.0,2:02,Motorists Killed
QUEENS,2014-11-04,40.656160299999996,-73.7673526,0.0,1.0,0.0,12:20,Motorists Killed
BROOKLYN,2014-11-06,40.636228,-73.8859432,0.0,1.0,0.0,8:02,Motorists Killed
,2014-11-13,40.85561989999999,-73.8332241,0.0,1.0,0.0,23:30,Motorists Killed
BROOKLYN,2014-11-19,40.6700692,-73.8686795,0.0,1.0,0.0,18:19,Motorists Killed
QUEENS,2014-11-20,40.687022600000006,-73.7659469,0.0,1.0,0.0,12:45,Motorists Killed
,2014-11-29,40.7816671,-73.9866887,0.0,1.0,0.0,21:04,Motorists Killed
BROOKLYN,2014-11-30,40.6977606,-73.9687403,0.0,1.0,0.0,17:20,Motorists Killed
QUEENS,2014-12-13,40.6881494,-73.8488335,0.0,1.0,0.0,18:45,Motorists Killed
STATEN ISLAND,2014-12-22,40.5239976,-74.1860995,0.0,1.0,0.0,23:12,Motorists Killed
,2015-01-01,40.839246100000004,-73.87009470000001,0.0,1.0,0.0,8:02,Motorists Killed
BROOKLYN,2015-01-05,40.6361331,-73.97273609999999,0.0,1.0,0.0,9:28,Motorists Killed
BRONX,2015-01-09,40.824655799999995,-73.89192890000001,0.0,1.0,0.0,21:24,Motorists Killed
QUEENS,2015-01-14,40.5817949,-73.8492866,0.0,1.0,0.0,23:22,Motorists Killed
QUEENS,2015-01-31,40.5999021,-73.7615889,0.0,1.0,0.0,19:59,Motorists Killed
MANHATTAN,2015-02-11,40.7544905,-74.0067388,0.0,1.0,0.0,18:44,Motorists Killed
BROOKLYN,2015-02-27,40.6125584,-74.0360929,0.0,1.0,0.0,19:03,Motorists Killed
BROOKLYN,2015-02-27,40.578936600000006,-73.9852115,0.0,1.0,0.0,21:20,Motorists Killed
,2015-03-01,40.6672125,-73.78083659999999,0.0,1.0,0.0,4:00,Motorists Killed
STATEN ISLAND,2015-03-02,40.590377600000004,-74.1068782,0.0,1.0,0.0,16:45,Motorists Killed
,2015-03-20,40.53078,-74.22443,0.0,2.0,0.0,4:50,Motorists Killed
,2015-03-24,40.53866370000001,-74.1880025,0.0,1.0,0.0,10:47,Motorists Killed
MANHATTAN,2015-04-02,40.8131597,-73.9503486,0.0,1.0,0.0,12:45,Motorists Killed
,2015-04-09,40.7515157,-73.74769609999998,0.0,1.0,0.0,13:11,Motorists Killed
BROOKLYN,2015-04-12,40.677413200000004,-73.9303181,0.0,1.0,0.0,22:57,Motorists Killed
BRONX,2015-04-18,40.8814391,-73.8487484,0.0,1.0,0.0,1:55,Motorists Killed
QUEENS,2015-04-20,40.680296500000004,-73.8446402,0.0,1.0,0.0,19:40,Motorists Killed
BROOKLYN,2015-04-26,40.699405,-73.953369,0.0,1.0,0.0,5:48,Motorists Killed
STATEN ISLAND,2015-04-26,40.577309299999996,-74.1011192,0.0,1.0,0.0,19:41,Motorists Killed
QUEENS,2015-04-28,40.7421627,-73.80443170000001,0.0,2.0,0.0,1:34,Motorists Killed
,2015-04-30,40.6425396,-73.87651109999999,0.0,1.0,0.0,0:37,Motorists Killed
BROOKLYN,2015-05-01,40.658920200000004,-73.8898186,0.0,1.0,0.0,17:00,Motorists Killed
BROOKLYN,2015-05-04,40.6420041,-73.8988296,0.0,1.0,0.0,19:07,Motorists Killed
STATEN ISLAND,2015-05-10,40.5464206,-74.14140429999999,0.0,1.0,0.0,22:50,Motorists Killed
BRONX,2015-05-12,40.8476821,-73.9123638,0.0,1.0,0.0,12:22,Motorists Killed
,2015-05-24,40.8011245,-73.9298728,0.0,1.0,0.0,5:40,Motorists Killed
BROOKLYN,2015-05-25,40.6528929,-73.8667311,0.0,1.0,0.0,1:15,Motorists Killed
BROOKLYN,2015-05-25,40.6528929,-73.8667311,0.0,1.0,0.0,1:15,Motorists Killed
QUEENS,2015-05-26,40.66633220000001,-73.81055119999999,0.0,1.0,0.0,7:17,Motorists Killed
BROOKLYN,2015-06-02,40.671789700000005,-73.9531035,0.0,1.0,0.0,3:53,Motorists Killed
BRONX,2015-06-03,40.8378751,-73.91969859999999,0.0,1.0,0.0,16:07,Motorists Killed
BROOKLYN,2015-06-03,40.6420041,-73.8988296,0.0,1.0,0.0,21:30,Motorists Killed
QUEENS,2015-06-04,40.7149707,-73.8128948,0.0,1.0,0.0,9:03,Motorists Killed
BRONX,2015-06-04,40.853251,-73.8272179,0.0,1.0,0.0,17:32,Motorists Killed
QUEENS,2015-06-14,40.683242299999996,-73.7258627,0.0,1.0,0.0,4:50,Motorists Killed
BRONX,2015-06-14,40.8633378,-73.8928205,0.0,1.0,0.0,5:15,Motorists Killed
BRONX,2015-06-28,40.8772207,-73.90904509999999,0.0,1.0,0.0,4:35,Motorists Killed
QUEENS,2015-06-28,40.6934028,-73.75601490000001,0.0,1.0,0.0,20:38,Motorists Killed
MANHATTAN,2015-06-29,40.83348839999999,-73.94157750000001,0.0,1.0,0.0,4:25,Motorists Killed
QUEENS,2015-07-01,40.7445094,-73.76609859999999,0.0,3.0,0.0,18:06,Motorists Killed
QUEENS,2015-07-12,40.667845799999995,-73.7761182,0.0,1.0,0.0,18:28,Motorists Killed
QUEENS,2015-07-19,40.688936299999995,-73.7322397,0.0,1.0,0.0,18:11,Motorists Killed
QUEENS,2015-07-22,40.710026899999995,-73.8340529,0.0,1.0,0.0,17:55,Motorists Killed
,2015-07-24,40.7162813,-73.8031218,0.0,1.0,0.0,23:47,Motorists Killed
STATEN ISLAND,2015-08-02,40.5535547,-74.14116390000001,0.0,1.0,0.0,1:20,Motorists Killed
QUEENS,2015-08-08,40.6670514,-73.7741023,0.0,1.0,0.0,0:17,Motorists Killed
BROOKLYN,2015-08-20,40.6294862,-74.022639,0.0,1.0,0.0,23:26,Motorists Killed
QUEENS,2015-08-29,40.67217410000001,-73.7610205,0.0,1.0,0.0,17:51,Motorists Killed
,2015-09-07,40.665398700000004,-73.82951130000001,0.0,1.0,0.0,22:30,Motorists Killed
BROOKLYN,2015-09-09,40.597683399999994,-73.9471924,0.0,1.0,0.0,20:20,Motorists Killed
BRONX,2015-09-12,40.8349018,-73.8399571,0.0,1.0,0.0,1:51,Motorists Killed
STATEN ISLAND,2015-09-24,40.57213170000001,-74.10808730000001,0.0,1.0,0.0,9:30,Motorists Killed
BRONX,2015-09-27,40.8838512,-73.8343459,0.0,1.0,0.0,12:21,Motorists Killed
BROOKLYN,2015-10-01,40.5956614,-73.9931332,0.0,1.0,0.0,16:43,Motorists Killed
BRONX,2015-10-13,40.879948399999996,-73.82337679999999,0.0,1.0,0.0,13:15,Motorists Killed
BRONX,2015-10-14,40.822533,-73.8850856,0.0,1.0,0.0,3:20,Motorists Killed
BRONX,2015-10-21,40.8350523,-73.92613809999999,0.0,1.0,0.0,18:57,Motorists Killed
QUEENS,2015-10-25,40.7700398,-73.9094984,0.0,1.0,0.0,5:43,Motorists Killed
STATEN ISLAND,2015-11-09,40.5958903,-74.0858762,0.0,1.0,0.0,11:15,Motorists Killed
BROOKLYN,2015-11-09,40.5879866,-73.9197254,0.0,1.0,0.0,5:00,Motorists Killed
,2015-11-27,40.7699976,-73.9158178,0.0,2.0,0.0,2:19,Motorists Killed
BROOKLYN,2015-12-01,40.583900299999996,-73.9387393,0.0,1.0,0.0,18:14,Motorists Killed
,2015-12-03,40.6250536,-74.0191167,0.0,1.0,0.0,23:17,Motorists Killed
QUEENS,2015-12-06,40.7354867,-73.9174657,0.0,1.0,0.0,22:31,Motorists Killed
,2015-12-16,40.7225251,-73.82752540000001,0.0,1.0,0.0,4:56,Motorists Killed
QUEENS,2015-12-18,40.761131,-73.812267,0.0,1.0,0.0,3:38,Motorists Killed
BROOKLYN,2015-12-23,40.7172094,-73.9347028,0.0,1.0,0.0,5:58,Motorists Killed
BRONX,2016-01-04,40.883860799999994,-73.8558854,0.0,1.0,0.0,5:20,Motorists Killed
STATEN ISLAND,2016-01-15,40.5675778,-74.1271454,0.0,1.0,0.0,4:00,Motorists Killed
STATEN ISLAND,2016-01-16,40.5266411,-74.1681321,0.0,1.0,0.0,11:43,Motorists Killed
,2016-01-16,40.6187344,-74.1760525,0.0,1.0,0.0,9:48,Motorists Killed
QUEENS,2016-02-10,40.6966689,-73.8868099,0.0,1.0,0.0,12:16,Motorists Killed
,2016-02-15,40.6649593,-73.8222478,0.0,1.0,0.0,4:50,Motorists Killed
,2016-02-20,40.6789969,-73.7297895,0.0,2.0,0.0,4:21,Motorists Killed
QUEENS,2016-02-28,40.6824607,-73.83001479999999,0.0,1.0,0.0,4:40,Motorists Killed
STATEN ISLAND,2016-03-03,40.601204200000005,-74.06507579999999,0.0,1.0,0.0,2:28,Motorists Killed
,2016-03-11,40.7416909,-73.7354052,0.0,1.0,0.0,13:53,Motorists Killed
,2016-03-20,40.771865000000005,-73.8733422,0.0,1.0,0.0,22:57,Motorists Killed
BRONX,2016-03-26,40.8655081,-73.86352120000001,0.0,1.0,0.0,21:06,Motorists Killed
QUEENS,2016-04-07,40.7894751,-73.7940655,0.0,1.0,0.0,6:50,Motorists Killed
,2016-05-02,40.65763270000001,-73.85623690000001,0.0,1.0,0.0,10:35,Motorists Killed
BROOKLYN,2016-05-06,40.645703600000004,-73.901433,0.0,2.0,0.0,11:09,Motorists Killed
STATEN ISLAND,2016-05-14,40.5061875,-74.2348945,0.0,1.0,0.0,13:39,Motorists Killed
BRONX,2016-05-20,40.8441336,-73.8203636,0.0,1.0,0.0,10:16,Motorists Killed
QUEENS,2016-05-29,40.75461129999999,-73.8766665,0.0,1.0,0.0,14:16,Motorists Killed
,2016-06-07,40.7854915,-73.98410759999999,0.0,3.0,0.0,23:06,Motorists Killed
,2016-06-10,40.823643,-73.8220796,0.0,2.0,0.0,11:06,Motorists Killed
QUEENS,2016-06-13,40.733761799999996,-73.9374216,0.0,1.0,0.0,19:58,Motorists Killed
BRONX,2016-06-19,40.88174620000001,-73.857058,0.0,1.0,0.0,4:56,Motorists Killed
,2016-06-29,40.7859079,-73.8002861,0.0,1.0,0.0,23:42,Motorists Killed
QUEENS,2016-07-17,40.6795239,-73.81075890000001,0.0,1.0,0.0,17:06,Motorists Killed
,2016-08-09,40.723803499999995,-73.8366933,0.0,1.0,0.0,23:08,Motorists Killed
,2016-08-31,40.7303695,-73.9138714,0.0,3.0,0.0,4:08,Motorists Killed
,2016-09-02,40.7621739,-73.7567868,0.0,1.0,0.0,21:09,Motorists Killed
,2016-09-04,40.8259384,-73.8591203,0.0,1.0,0.0,20:09,Motorists Killed
MANHATTAN,2016-10-05,40.744702600000004,-74.0083473,0.0,1.0,0.0,21:10,Motorists Killed
,2016-10-14,40.6048516,-74.0255796,0.0,1.0,0.0,21:10,Motorists Killed
,2016-10-15,40.863884000000006,-73.91069,0.0,2.0,0.0,2:23,Motorists Killed
BROOKLYN,2016-11-19,40.591105999999996,-73.96513,0.0,1.0,0.0,15:45,Motorists Killed
BROOKLYN,2016-12-04,40.641396,-73.98908,0.0,2.0,0.0,2:13,Motorists Killed
QUEENS,2016-12-09,40.7106276,-73.85189179999999,0.0,1.0,0.0,12:43,Motorists Killed
BROOKLYN,2016-12-09,40.679466,-73.90037,0.0,2.0,0.0,8:30,Motorists Killed
,2016-12-27,40.8446076,-73.9034715,0.0,3.0,0.0,5:41,Motorists Killed
